iteration,algorithm,data_type,data_size_bytes,enc_time_us,dec_time_us,enc_throughput_mbs,dec_throughput_mbs,ciphertext_size_bytes,overhead_bytes,overhead_pct
1,aes-gcm-siv,text_short,100,89,74,1.0715441757373596,1.2887490762246623,116,16,16.0
2,aes-gcm-siv,text_short,100,72,72,1.324547661675347,1.324547661675347,116,16,16.0
3,aes-gcm-siv,text_short,100,72,72,1.324547661675347,1.324547661675347,116,16,16.0
4,aes-gcm-siv,text_short,100,71,68,1.343203262544014,1.4024622300091911,116,16,16.0
5,aes-gcm-siv,text_short,100,66,66,1.4449610854640151,1.4449610854640151,116,16,16.0
6,aes-gcm-siv,text_short,100,66,66,1.4449610854640151,1.4449610854640151,116,16,16.0
7,aes-gcm-siv,text_short,100,61,59,1.5634005186987705,1.6163971464512712,116,16,16.0
8,aes-gcm-siv,text_short,100,64,76,1.4901161193847656,1.254834626850329,116,16,16.0
9,aes-gcm-siv,text_short,100,72,72,1.324547661675347,1.324547661675347,116,16,16.0
10,aes-gcm-siv,text_short,100,72,72,1.324547661675347,1.324547661675347,116,16,16.0
11,aes-gcm-siv,text_short,100,72,71,1.324547661675347,1.343203262544014,116,16,16.0
12,aes-gcm-siv,text_short,100,71,71,1.343203262544014,1.343203262544014,116,16,16.0
13,aes-gcm-siv,text_short,100,71,72,1.343203262544014,1.324547661675347,116,16,16.0
14,aes-gcm-siv,text_short,100,71,72,1.343203262544014,1.324547661675347,116,16,16.0
15,aes-gcm-siv,text_short,100,69,69,1.3821366904438406,1.3821366904438406,116,16,16.0
16,aes-gcm-siv,text_short,100,69,69,1.3821366904438406,1.3821366904438406,116,16,16.0
17,aes-gcm-siv,text_short,100,69,81,1.3821366904438406,1.1773756992669753,116,16,16.0
18,aes-gcm-siv,text_short,100,71,70,1.343203262544014,1.3623918805803572,116,16,16.0
19,aes-gcm-siv,text_short,100,70,69,1.3623918805803572,1.3821366904438406,116,16,16.0
20,aes-gcm-siv,text_short,100,69,69,1.3821366904438406,1.3821366904438406,116,16,16.0
21,aes-gcm-siv,text_short,100,69,69,1.3821366904438406,1.3821366904438406,116,16,16.0
22,aes-gcm-siv,text_short,100,69,69,1.3821366904438406,1.3821366904438406,116,16,16.0
23,aes-gcm-siv,text_short,100,69,69,1.3821366904438406,1.3821366904438406,116,16,16.0
24,aes-gcm-siv,text_short,100,69,70,1.3821366904438406,1.3623918805803572,116,16,16.0
25,aes-gcm-siv,text_short,100,68,69,1.4024622300091911,1.3821366904438406,116,16,16.0
26,aes-gcm-siv,text_short,100,69,69,1.3821366904438406,1.3821366904438406,116,16,16.0
27,aes-gcm-siv,text_short,100,69,69,1.3821366904438406,1.3821366904438406,116,16,16.0
28,aes-gcm-siv,text_short,100,69,69,1.3821366904438406,1.3821366904438406,116,16,16.0
29,aes-gcm-siv,text_short,100,69,69,1.3821366904438406,1.3821366904438406,116,16,16.0
30,aes-gcm-siv,text_short,100,69,69,1.3821366904438406,1.3821366904438406,116,16,16.0
1,aes-gcm,text_short,100,49,46,1.946274115114796,2.0732050356657608,116,16,16.0
2,aes-gcm,text_short,100,46,46,2.0732050356657608,2.0732050356657608,116,16,16.0
3,aes-gcm,text_short,100,46,46,2.0732050356657608,2.0732050356657608,116,16,16.0
4,aes-gcm,text_short,100,47,46,2.029094290226064,2.0732050356657608,116,16,16.0
5,aes-gcm,text_short,100,46,46,2.0732050356657608,2.0732050356657608,116,16,16.0
6,aes-gcm,text_short,100,46,46,2.0732050356657608,2.0732050356657608,116,16,16.0
7,aes-gcm,text_short,100,46,46,2.0732050356657608,2.0732050356657608,116,16,16.0
8,aes-gcm,text_short,100,46,46,2.0732050356657608,2.0732050356657608,116,16,16.0
9,aes-gcm,text_short,100,46,46,2.0732050356657608,2.0732050356657608,116,16,16.0
10,aes-gcm,text_short,100,46,46,2.0732050356657608,2.0732050356657608,116,16,16.0
11,aes-gcm,text_short,100,46,45,2.0732050356657608,2.1192762586805554,116,16,16.0
12,aes-gcm,text_short,100,46,46,2.0732050356657608,2.0732050356657608,116,16,16.0
13,aes-gcm,text_short,100,46,46,2.0732050356657608,2.0732050356657608,116,16,16.0
14,aes-gcm,text_short,100,46,46,2.0732050356657608,2.0732050356657608,116,16,16.0
15,aes-gcm,text_short,100,46,46,2.0732050356657608,2.0732050356657608,116,16,16.0
16,aes-gcm,text_short,100,45,46,2.1192762586805554,2.0732050356657608,116,16,16.0
17,aes-gcm,text_short,100,46,46,2.0732050356657608,2.0732050356657608,116,16,16.0
18,aes-gcm,text_short,100,46,46,2.0732050356657608,2.0732050356657608,116,16,16.0
19,aes-gcm,text_short,100,46,46,2.0732050356657608,2.0732050356657608,116,16,16.0
20,aes-gcm,text_short,100,46,46,2.0732050356657608,2.0732050356657608,116,16,16.0
21,aes-gcm,text_short,100,46,46,2.0732050356657608,2.0732050356657608,116,16,16.0
22,aes-gcm,text_short,100,46,45,2.0732050356657608,2.1192762586805554,116,16,16.0
23,aes-gcm,text_short,100,45,45,2.1192762586805554,2.1192762586805554,116,16,16.0
24,aes-gcm,text_short,100,46,46,2.0732050356657608,2.0732050356657608,116,16,16.0
25,aes-gcm,text_short,100,46,46,2.0732050356657608,2.0732050356657608,116,16,16.0
26,aes-gcm,text_short,100,46,46,2.0732050356657608,2.0732050356657608,116,16,16.0
27,aes-gcm,text_short,100,46,46,2.0732050356657608,2.0732050356657608,116,16,16.0
28,aes-gcm,text_short,100,46,46,2.0732050356657608,2.0732050356657608,116,16,16.0
29,aes-gcm,text_short,100,46,46,2.0732050356657608,2.0732050356657608,116,16,16.0
30,aes-gcm,text_short,100,46,46,2.0732050356657608,2.0732050356657608,116,16,16.0
1,aes-gcm-siv,text_medium,350,104,102,3.2094808725210338,3.272411870021446,366,16,4.571428571428571
2,aes-gcm-siv,text_medium,350,101,102,3.304811987546411,3.272411870021446,366,16,4.571428571428571
3,aes-gcm-siv,text_medium,350,101,101,3.304811987546411,3.304811987546411,366,16,4.571428571428571
4,aes-gcm-siv,text_medium,350,101,101,3.304811987546411,3.304811987546411,366,16,4.571428571428571
5,aes-gcm-siv,text_medium,350,99,99,3.3715758660827024,3.3715758660827024,366,16,4.571428571428571
6,aes-gcm-siv,text_medium,350,100,99,3.337860107421875,3.3715758660827024,366,16,4.571428571428571
7,aes-gcm-siv,text_medium,350,99,98,3.3715758660827024,3.405979701450893,366,16,4.571428571428571
8,aes-gcm-siv,text_medium,350,98,98,3.405979701450893,3.405979701450893,366,16,4.571428571428571
9,aes-gcm-siv,text_medium,350,98,98,3.405979701450893,3.405979701450893,366,16,4.571428571428571
10,aes-gcm-siv,text_medium,350,98,99,3.405979701450893,3.3715758660827024,366,16,4.571428571428571
11,aes-gcm-siv,text_medium,350,98,98,3.405979701450893,3.405979701450893,366,16,4.571428571428571
12,aes-gcm-siv,text_medium,350,98,99,3.405979701450893,3.3715758660827024,366,16,4.571428571428571
13,aes-gcm-siv,text_medium,350,99,99,3.3715758660827024,3.3715758660827024,366,16,4.571428571428571
14,aes-gcm-siv,text_medium,350,98,99,3.405979701450893,3.3715758660827024,366,16,4.571428571428571
15,aes-gcm-siv,text_medium,350,98,98,3.405979701450893,3.405979701450893,366,16,4.571428571428571
16,aes-gcm-siv,text_medium,350,98,98,3.405979701450893,3.405979701450893,366,16,4.571428571428571
17,aes-gcm-siv,text_medium,350,98,99,3.405979701450893,3.3715758660827024,366,16,4.571428571428571
18,aes-gcm-siv,text_medium,350,99,98,3.3715758660827024,3.405979701450893,366,16,4.571428571428571
19,aes-gcm-siv,text_medium,350,99,99,3.3715758660827024,3.3715758660827024,366,16,4.571428571428571
20,aes-gcm-siv,text_medium,350,98,98,3.405979701450893,3.405979701450893,366,16,4.571428571428571
21,aes-gcm-siv,text_medium,350,99,98,3.3715758660827024,3.405979701450893,366,16,4.571428571428571
22,aes-gcm-siv,text_medium,350,98,99,3.405979701450893,3.3715758660827024,366,16,4.571428571428571
23,aes-gcm-siv,text_medium,350,98,99,3.405979701450893,3.3715758660827024,366,16,4.571428571428571
24,aes-gcm-siv,text_medium,350,98,99,3.405979701450893,3.3715758660827024,366,16,4.571428571428571
25,aes-gcm-siv,text_medium,350,98,97,3.405979701450893,3.4410928942493557,366,16,4.571428571428571
26,aes-gcm-siv,text_medium,350,97,97,3.4410928942493557,3.4410928942493557,366,16,4.571428571428571
27,aes-gcm-siv,text_medium,350,96,97,3.476937611897786,3.4410928942493557,366,16,4.571428571428571
28,aes-gcm-siv,text_medium,350,97,97,3.4410928942493557,3.4410928942493557,366,16,4.571428571428571
29,aes-gcm-siv,text_medium,350,97,97,3.4410928942493557,3.4410928942493557,366,16,4.571428571428571
30,aes-gcm-siv,text_medium,350,97,97,3.4410928942493557,3.4410928942493557,366,16,4.571428571428571
1,aes-gcm,text_medium,350,81,79,4.120814947434414,4.225139376483386,366,16,4.571428571428571
2,aes-gcm,text_medium,350,80,80,4.172325134277344,4.172325134277344,366,16,4.571428571428571
3,aes-gcm,text_medium,350,80,80,4.172325134277344,4.172325134277344,366,16,4.571428571428571
4,aes-gcm,text_medium,350,80,79,4.172325134277344,4.225139376483386,366,16,4.571428571428571
5,aes-gcm,text_medium,350,80,80,4.172325134277344,4.172325134277344,366,16,4.571428571428571
6,aes-gcm,text_medium,350,79,78,4.225139376483386,4.279307830028045,366,16,4.571428571428571
7,aes-gcm,text_medium,350,78,78,4.279307830028045,4.279307830028045,366,16,4.571428571428571
8,aes-gcm,text_medium,350,78,79,4.279307830028045,4.225139376483386,366,16,4.571428571428571
9,aes-gcm,text_medium,350,78,79,4.279307830028045,4.225139376483386,366,16,4.571428571428571
10,aes-gcm,text_medium,350,78,79,4.279307830028045,4.225139376483386,366,16,4.571428571428571
11,aes-gcm,text_medium,350,79,79,4.225139376483386,4.225139376483386,366,16,4.571428571428571
12,aes-gcm,text_medium,350,79,79,4.225139376483386,4.225139376483386,366,16,4.571428571428571
13,aes-gcm,text_medium,350,79,79,4.225139376483386,4.225139376483386,366,16,4.571428571428571
14,aes-gcm,text_medium,350,78,79,4.279307830028045,4.225139376483386,366,16,4.571428571428571
15,aes-gcm,text_medium,350,78,78,4.279307830028045,4.279307830028045,366,16,4.571428571428571
16,aes-gcm,text_medium,350,79,79,4.225139376483386,4.225139376483386,366,16,4.571428571428571
17,aes-gcm,text_medium,350,79,78,4.225139376483386,4.279307830028045,366,16,4.571428571428571
18,aes-gcm,text_medium,350,78,79,4.279307830028045,4.225139376483386,366,16,4.571428571428571
19,aes-gcm,text_medium,350,78,79,4.279307830028045,4.225139376483386,366,16,4.571428571428571
20,aes-gcm,text_medium,350,79,79,4.225139376483386,4.225139376483386,366,16,4.571428571428571
21,aes-gcm,text_medium,350,79,78,4.225139376483386,4.279307830028045,366,16,4.571428571428571
22,aes-gcm,text_medium,350,79,79,4.225139376483386,4.225139376483386,366,16,4.571428571428571
23,aes-gcm,text_medium,350,78,78,4.279307830028045,4.279307830028045,366,16,4.571428571428571
24,aes-gcm,text_medium,350,79,79,4.225139376483386,4.225139376483386,366,16,4.571428571428571
25,aes-gcm,text_medium,350,79,79,4.225139376483386,4.225139376483386,366,16,4.571428571428571
26,aes-gcm,text_medium,350,79,80,4.225139376483386,4.172325134277344,366,16,4.571428571428571
27,aes-gcm,text_medium,350,79,79,4.225139376483386,4.225139376483386,366,16,4.571428571428571
28,aes-gcm,text_medium,350,78,78,4.279307830028045,4.279307830028045,366,16,4.571428571428571
29,aes-gcm,text_medium,350,78,79,4.279307830028045,4.225139376483386,366,16,4.571428571428571
30,aes-gcm,text_medium,350,78,78,4.279307830028045,4.279307830028045,366,16,4.571428571428571
1,aes-gcm-siv,text_long,2000,322,321,5.923442959045031,5.941896052375389,2016,16,0.8
2,aes-gcm-siv,text_long,2000,321,344,5.941896052375389,5.544618118640988,2016,16,0.8
3,aes-gcm-siv,text_long,2000,324,320,5.886878496334877,5.960464477539062,2016,16,0.8
4,aes-gcm-siv,text_long,2000,320,320,5.960464477539062,5.960464477539062,2016,16,0.8
5,aes-gcm-siv,text_long,2000,319,319,5.979149319161442,5.979149319161442,2016,16,0.8
6,aes-gcm-siv,text_long,2000,319,320,5.979149319161442,5.960464477539062,2016,16,0.8
7,aes-gcm-siv,text_long,2000,323,324,5.905104126354489,5.886878496334877,2016,16,0.8
8,aes-gcm-siv,text_long,2000,320,319,5.960464477539062,5.979149319161442,2016,16,0.8
9,aes-gcm-siv,text_long,2000,320,320,5.960464477539062,5.960464477539062,2016,16,0.8
10,aes-gcm-siv,text_long,2000,322,323,5.923442959045031,5.905104126354489,2016,16,0.8
11,aes-gcm-siv,text_long,2000,331,390,5.76238257647281,4.890637520032051,2016,16,0.8
12,aes-gcm-siv,text_long,2000,324,323,5.886878496334877,5.905104126354489,2016,16,0.8
13,aes-gcm-siv,text_long,2000,325,321,5.868765024038462,5.941896052375389,2016,16,0.8
14,aes-gcm-siv,text_long,2000,333,322,5.72777367210961,5.923442959045031,2016,16,0.8
15,aes-gcm-siv,text_long,2000,321,321,5.941896052375389,5.941896052375389,2016,16,0.8
16,aes-gcm-siv,text_long,2000,321,312,5.941896052375389,6.113296900040064,2016,16,0.8
17,aes-gcm-siv,text_long,2000,312,313,6.113296900040064,6.093765600039935,2016,16,0.8
18,aes-gcm-siv,text_long,2000,314,336,6.074358703224522,5.676632835751488,2016,16,0.8
19,aes-gcm-siv,text_long,2000,306,290,6.233165466707516,6.577064251077586,2016,16,0.8
20,aes-gcm-siv,text_long,2000,290,299,6.577064251077586,6.37909241743311,2016,16,0.8
21,aes-gcm-siv,text_long,2000,306,316,6.233165466707516,6.035913394976266,2016,16,0.8
22,aes-gcm-siv,text_long,2000,303,301,6.294879976278878,6.336706421303987,2016,16,0.8
23,aes-gcm-siv,text_long,2000,302,308,6.315723949710264,6.19269036627435,2016,16,0.8
24,aes-gcm-siv,text_long,2000,303,309,6.294879976278878,6.172649297127832,2016,16,0.8
25,aes-gcm-siv,text_long,2000,310,294,6.152737525201613,6.487580383715986,2016,16,0.8
26,aes-gcm-siv,text_long,2000,309,309,6.172649297127832,6.172649297127832,2016,16,0.8
27,aes-gcm-siv,text_long,2000,309,311,6.172649297127832,6.132953803255626,2016,16,0.8
28,aes-gcm-siv,text_long,2000,303,317,6.294879976278878,6.016872658714511,2016,16,0.8
29,aes-gcm-siv,text_long,2000,346,347,5.512568302926301,5.496681938940923,2016,16,0.8
30,aes-gcm-siv,text_long,2000,329,310,5.797412257788754,6.152737525201613,2016,16,0.8
1,aes-gcm,text_long,2000,323,337,5.905104126354489,5.659788227930267,2016,16,0.8
2,aes-gcm,text_long,2000,327,319,5.832870436735474,5.979149319161442,2016,16,0.8
3,aes-gcm,text_long,2000,330,318,5.7798443418560606,5.997951675511007,2016,16,0.8
4,aes-gcm,text_long,2000,333,330,5.72777367210961,5.7798443418560606,2016,16,0.8
5,aes-gcm,text_long,2000,318,323,5.997951675511007,5.905104126354489,2016,16,0.8
6,aes-gcm,text_long,2000,336,317,5.676632835751488,6.016872658714511,2016,16,0.8
7,aes-gcm,text_long,2000,324,331,5.886878496334877,5.76238257647281,2016,16,0.8
8,aes-gcm,text_long,2000,320,332,5.960464477539062,5.74502600244729,2016,16,0.8
9,aes-gcm,text_long,2000,331,331,5.76238257647281,5.76238257647281,2016,16,0.8
10,aes-gcm,text_long,2000,330,326,5.7798443418560606,5.850762677338957,2016,16,0.8
11,aes-gcm,text_long,2000,322,321,5.923442959045031,5.941896052375389,2016,16,0.8
12,aes-gcm,text_long,2000,331,320,5.76238257647281,5.960464477539062,2016,16,0.8
13,aes-gcm,text_long,2000,324,331,5.886878496334877,5.76238257647281,2016,16,0.8
14,aes-gcm,text_long,2000,322,357,5.923442959045031,5.342713257177871,2016,16,0.8
15,aes-gcm,text_long,2000,333,321,5.72777367210961,5.941896052375389,2016,16,0.8
16,aes-gcm,text_long,2000,324,327,5.886878496334877,5.832870436735474,2016,16,0.8
17,aes-gcm,text_long,2000,321,326,5.941896052375389,5.850762677338957,2016,16,0.8
18,aes-gcm,text_long,2000,325,320,5.868765024038462,5.960464477539062,2016,16,0.8
19,aes-gcm,text_long,2000,331,325,5.76238257647281,5.868765024038462,2016,16,0.8
20,aes-gcm,text_long,2000,322,333,5.923442959045031,5.72777367210961,2016,16,0.8
21,aes-gcm,text_long,2000,322,322,5.923442959045031,5.923442959045031,2016,16,0.8
22,aes-gcm,text_long,2000,331,329,5.76238257647281,5.797412257788754,2016,16,0.8
23,aes-gcm,text_long,2000,322,330,5.923442959045031,5.7798443418560606,2016,16,0.8
24,aes-gcm,text_long,2000,362,304,5.268918875172652,6.274173134251645,2016,16,0.8
25,aes-gcm,text_long,2000,322,299,5.923442959045031,6.37909241743311,2016,16,0.8
26,aes-gcm,text_long,2000,299,299,6.37909241743311,6.37909241743311,2016,16,0.8
27,aes-gcm,text_long,2000,300,299,6.357828776041667,6.37909241743311,2016,16,0.8
28,aes-gcm,text_long,2000,311,310,6.132953803255626,6.152737525201613,2016,16,0.8
29,aes-gcm,text_long,2000,302,315,6.315723949710264,6.055075024801587,2016,16,0.8
30,aes-gcm,text_long,2000,327,312,5.832870436735474,6.113296900040064,2016,16,0.8
1,aes-gcm-siv,image_small,76301,21347,15151,3.408736778756419,4.802739358201656,76317,16,0.020969581001559615
2,aes-gcm-siv,image_small,76301,13015,11732,5.590956897127413,6.202378453470277,76317,16,0.020969581001559615
3,aes-gcm-siv,image_small,76301,10929,10422,6.658093514147066,6.981990406458768,76317,16,0.020969581001559615
4,aes-gcm-siv,image_small,76301,9989,10181,7.284643509471747,7.147264906798279,76317,16,0.020969581001559615
5,aes-gcm-siv,image_small,76301,10313,10323,7.055784351412129,7.0489493379941175,76317,16,0.020969581001559615
6,aes-gcm-siv,image_small,76301,10050,9967,7.24042826030978,7.3007227868077935,76317,16,0.020969581001559615
7,aes-gcm-siv,image_small,76301,10096,10135,7.207438987332932,7.179704392315075,76317,16,0.020969581001559615
8,aes-gcm-siv,image_small,76301,10184,10209,7.145159467410966,7.127662260369604,76317,16,0.020969581001559615
9,aes-gcm-siv,image_small,76301,10270,10232,7.085326583847447,7.111640345593558,76317,16,0.020969581001559615
10,aes-gcm-siv,image_small,76301,10239,10264,7.106778397901483,7.089468434929197,76317,16,0.020969581001559615
11,aes-gcm-siv,image_small,76301,10246,10263,7.101923093510958,7.090159214275873,76317,16,0.020969581001559615
12,aes-gcm-siv,image_small,76301,10300,10306,7.06468971030226,7.060576752970434,76317,16,0.020969581001559615
13,aes-gcm-siv,image_small,76301,10312,9924,7.056468581857378,7.332356309564014,76317,16,0.020969581001559615
14,aes-gcm-siv,image_small,76301,10196,10283,7.13675009965803,7.076369154537905,76317,16,0.020969581001559615
15,aes-gcm-siv,image_small,76301,10396,10418,6.999452098510319,6.984671147639977,76317,16,0.020969581001559615
16,aes-gcm-siv,image_small,76301,10454,10490,6.960618329454111,6.936730602108035,76317,16,0.020969581001559615
17,aes-gcm-siv,image_small,76301,10469,10437,6.950645144341703,6.971955927576246,76317,16,0.020969581001559615
18,aes-gcm-siv,image_small,76301,10516,10469,6.919580069999362,6.950645144341703,76317,16,0.020969581001559615
19,aes-gcm-siv,image_small,76301,10530,10473,6.910380248443807,6.947990453176099,76317,16,0.020969581001559615
20,aes-gcm-siv,image_small,76301,10502,10492,6.928804419740363,6.935408312629936,76317,16,0.020969581001559615
21,aes-gcm-siv,image_small,76301,10503,10481,6.928144722090192,6.942687149710264,76317,16,0.020969581001559615
22,aes-gcm-siv,image_small,76301,10529,10499,6.911036567206124,6.930784266702856,76317,16,0.020969581001559615
23,aes-gcm-siv,image_small,76301,10316,10380,7.053732456001675,7.0102412346929945,76317,16,0.020969581001559615
24,aes-gcm-siv,image_small,76301,10443,10383,6.967950207422511,7.008215738814724,76317,16,0.020969581001559615
25,aes-gcm-siv,image_small,76301,10457,10410,6.9586214034726295,6.9900388103855216,76317,16,0.020969581001559615
26,aes-gcm-siv,image_small,76301,10455,10415,6.959952560125612,6.986683054835648,76317,16,0.020969581001559615
27,aes-gcm-siv,image_small,76301,10436,10479,6.972623995411391,6.944012216443676,76317,16,0.020969581001559615
28,aes-gcm-siv,image_small,76301,10509,10426,6.9241891727198865,6.979311722243745,76317,16,0.020969581001559615
29,aes-gcm-siv,image_small,76301,10438,10407,6.971287987747967,6.992053811483933,76317,16,0.020969581001559615
30,aes-gcm-siv,image_small,76301,10478,10449,6.944674939503082,6.96394908757903,76317,16,0.020969581001559615
1,aes-gcm,image_small,76301,11874,11866,6.128204818604791,6.13233642475251,76317,16,0.020969581001559615
2,aes-gcm,image_small,76301,11918,11860,6.105580132246458,6.135438787193363,76317,16,0.020969581001559615
3,aes-gcm,image_small,76301,11873,11693,6.128720964887837,6.2230654251358315,76317,16,0.020969581001559615
4,aes-gcm,image_small,76301,11379,11584,6.3947889986917374,6.28162154835232,76317,16,0.020969581001559615
5,aes-gcm,image_small,76301,11858,11845,6.136473605676613,6.143208443741096,76317,16,0.020969581001559615
6,aes-gcm,image_small,76301,11782,11430,6.176057037524467,6.366255819432483,76317,16,0.020969581001559615
7,aes-gcm,image_small,76301,11704,11765,6.2172166794355155,6.184981216839208,76317,16,0.020969581001559615
8,aes-gcm,image_small,76301,11748,11754,6.193931223707294,6.190769441561449,76317,16,0.020969581001559615
9,aes-gcm,image_small,76301,11791,11785,6.171342890010456,6.174484854994763,76317,16,0.020969581001559615
10,aes-gcm,image_small,76301,11795,11770,6.169250022561533,6.182353782167654,76317,16,0.020969581001559615
11,aes-gcm,image_small,76301,11804,11783,6.164546256871677,6.17553288772921,76317,16,0.020969581001559615
12,aes-gcm,image_small,76301,11833,11792,6.149438351737791,6.170819540036743,76317,16,0.020969581001559615
13,aes-gcm,image_small,76301,11851,11819,6.140098220919186,6.156722566724197,76317,16,0.020969581001559615
14,aes-gcm,image_small,76301,11826,11821,6.1530783034088685,6.155680908223778,76317,16,0.020969581001559615
15,aes-gcm,image_small,76301,11879,11803,6.125625390698988,6.165068543261314,76317,16,0.020969581001559615
16,aes-gcm,image_small,76301,11840,11823,6.145802704063621,6.15463960214102,76317,16,0.020969581001559615
17,aes-gcm,image_small,76301,11872,11791,6.129237198122749,6.171342890010456,76317,16,0.020969581001559615
18,aes-gcm,image_small,76301,11821,11812,6.155680908223778,6.1603711493492455,76317,16,0.020969581001559615
19,aes-gcm,image_small,76301,11836,11813,6.14787969044553,6.159849658521399,76317,16,0.020969581001559615
20,aes-gcm,image_small,76301,11889,11798,6.120473043663326,6.167681303281343,76317,16,0.020969581001559615
21,aes-gcm,image_small,76301,11873,11833,6.128720964887837,6.149438351737791,76317,16,0.020969581001559615
22,aes-gcm,image_small,76301,11847,11821,6.142171352757093,6.155680908223778,76317,16,0.020969581001559615
23,aes-gcm,image_small,76301,11816,11864,6.158285715649398,6.133370196907728,76317,16,0.020969581001559615
24,aes-gcm,image_small,76301,11867,11800,6.131819669344677,6.166635933568922,76317,16,0.020969581001559615
25,aes-gcm,image_small,76301,11825,11831,6.153598648297106,6.150477898412077,76317,16,0.020969581001559615
26,aes-gcm,image_small,76301,11846,11819,6.142689854475205,6.156722566724197,76317,16,0.020969581001559615
27,aes-gcm,image_small,76301,11880,11626,6.125109765666101,6.25892860967773,76317,16,0.020969581001559615
28,aes-gcm,image_small,76301,11496,11754,6.329706334039082,6.190769441561449,76317,16,0.020969581001559615
29,aes-gcm,image_small,76301,11841,11900,6.14528367672606,6.114815463538931,76317,16,0.020969581001559615
30,aes-gcm,image_small,76301,11933,11892,6.09790530596776,6.118929029272897,76317,16,0.020969581001559615
1,aes-gcm-siv,image_medium,1178708,188114,162133,5.975650648769247,6.933218691707291,1178724,16,0.0013574184615697865
2,aes-gcm-siv,image_medium,1178708,174396,161189,6.44569569337931,6.973822941655933,1178724,16,0.0013574184615697865
3,aes-gcm-siv,image_medium,1178708,161683,161425,6.952515392110353,6.9636273572406875,1178724,16,0.0013574184615697865
4,aes-gcm-siv,image_medium,1178708,161857,161261,6.945041278057657,6.97070926102764,1178724,16,0.0013574184615697865
5,aes-gcm-siv,image_medium,1178708,162333,168212,6.924676720953707,6.682659656520213,1178724,16,0.0013574184615697865
6,aes-gcm-siv,image_medium,1178708,164659,163212,6.826857603547806,6.88738295065668,1178724,16,0.0013574184615697865
7,aes-gcm-siv,image_medium,1178708,174448,165332,6.443774340448605,6.799068215122166,1178724,16,0.0013574184615697865
8,aes-gcm-siv,image_medium,1178708,163573,163637,6.8721827327406,6.869494956168703,1178724,16,0.0013574184615697865
9,aes-gcm-siv,image_medium,1178708,163082,175906,6.892873193501295,6.390365002572841,1178724,16,0.0013574184615697865
10,aes-gcm-siv,image_medium,1178708,163757,163225,6.864461037650775,6.886834407367609,1178724,16,0.0013574184615697865
11,aes-gcm-siv,image_medium,1178708,168361,221247,6.676745482282584,5.080762885564903,1178724,16,0.0013574184615697865
12,aes-gcm-siv,image_medium,1178708,163995,162217,6.854498894128346,6.929628498508653,1178724,16,0.0013574184615697865
13,aes-gcm-siv,image_medium,1178708,162790,163004,6.90523709160623,6.896171542677346,1178724,16,0.0013574184615697865
14,aes-gcm-siv,image_medium,1178708,162143,161600,6.932791092693352,6.956086300387241,1178724,16,0.0013574184615697865
15,aes-gcm-siv,image_medium,1178708,162155,164078,6.932278043492819,6.851031498083705,1178724,16,0.0013574184615697865
16,aes-gcm-siv,image_medium,1178708,162686,162399,6.909651390670237,6.921862487715924,1178724,16,0.0013574184615697865
17,aes-gcm-siv,image_medium,1178708,167531,173409,6.709824128922874,6.48238295672415,1178724,16,0.0013574184615697865
18,aes-gcm-siv,image_medium,1178708,174743,166547,6.432896002372502,6.74946739444468,1178724,16,0.0013574184615697865
19,aes-gcm-siv,image_medium,1178708,166270,197210,6.76071177087014,5.700033193765925,1178724,16,0.0013574184615697865
20,aes-gcm-siv,image_medium,1178708,164312,161613,6.841274807333476,6.955526759249429,1178724,16,0.0013574184615697865
21,aes-gcm-siv,image_medium,1178708,162454,161739,6.919519040113375,6.950108175162318,1178724,16,0.0013574184615697865
22,aes-gcm-siv,image_medium,1178708,165679,163770,6.7848281685824885,6.863916139357502,1178724,16,0.0013574184615697865
23,aes-gcm-siv,image_medium,1178708,162378,164531,6.9227576774105986,6.832168686403037,1178724,16,0.0013574184615697865
24,aes-gcm-siv,image_medium,1178708,174882,164155,6.4277829973500875,6.8478178924953745,1178724,16,0.0013574184615697865
25,aes-gcm-siv,image_medium,1178708,164840,170848,6.819361478661601,6.57955344014901,1178724,16,0.0013574184615697865
26,aes-gcm-siv,image_medium,1178708,169816,167251,6.619538477779351,6.721057250136489,1178724,16,0.0013574184615697865
27,aes-gcm-siv,image_medium,1178708,184031,179704,6.10822929909949,6.2553062043281065,1178724,16,0.0013574184615697865
28,aes-gcm-siv,image_medium,1178708,163085,162810,6.8927463969253955,6.904388834485462,1178724,16,0.0013574184615697865
29,aes-gcm-siv,image_medium,1178708,163483,162061,6.875965978986061,6.9362989623819304,1178724,16,0.0013574184615697865
30,aes-gcm-siv,image_medium,1178708,162392,161788,6.9221608585557055,6.948003227325748,1178724,16,0.0013574184615697865
1,aes-gcm,image_medium,1178708,184673,186917,6.086994558720431,6.013918189049568,1178724,16,0.0013574184615697865
2,aes-gcm,image_medium,1178708,184488,183025,6.093098446200176,6.141803284483421,1178724,16,0.0013574184615697865
3,aes-gcm,image_medium,1178708,184364,184771,6.097196557584876,6.083766100430144,1178724,16,0.0013574184615697865
4,aes-gcm,image_medium,1178708,185209,184193,6.069378627078479,6.1028570366006205,1178724,16,0.0013574184615697865
5,aes-gcm,image_medium,1178708,184804,183936,6.082679737140853,6.1113841017668005,1178724,16,0.0013574184615697865
6,aes-gcm,image_medium,1178708,184400,183754,6.096006215523742,6.117437150443409,1178724,16,0.0013574184615697865
7,aes-gcm,image_medium,1178708,184953,183478,6.07777946906824,6.126639412586676,1178724,16,0.0013574184615697865
8,aes-gcm,image_medium,1178708,184834,184181,6.081692470771493,6.103254657877729,1178724,16,0.0013574184615697865
9,aes-gcm,image_medium,1178708,184683,184667,6.08666496722805,6.087192330749826,1178724,16,0.0013574184615697865
10,aes-gcm,image_medium,1178708,184635,184013,6.088247331993274,6.108826801055241,1178724,16,0.0013574184615697865
11,aes-gcm,image_medium,1178708,184620,184149,6.088741989722555,6.104315234633791,1178724,16,0.0013574184615697865
12,aes-gcm,image_medium,1178708,184515,183651,6.092206845744672,6.120868092972965,1178724,16,0.0013574184615697865
13,aes-gcm,image_medium,1178708,183999,186073,6.109291605620564,6.041196445172476,1178724,16,0.0013574184615697865
14,aes-gcm,image_medium,1178708,184158,184230,6.104016910167238,6.101631363744114,1178724,16,0.0013574184615697865
15,aes-gcm,image_medium,1178708,184610,184224,6.089071806199979,6.101830088058983,1178724,16,0.0013574184615697865
16,aes-gcm,image_medium,1178708,184912,183152,6.079127077434554,6.13754447749726,1178724,16,0.0013574184615697865
17,aes-gcm,image_medium,1178708,184271,183471,6.100273760616582,6.126873163293262,1178724,16,0.0013574184615697865
18,aes-gcm,image_medium,1178708,184359,183311,6.097361919638196,6.132220904051465,1178724,16,0.0013574184615697865
19,aes-gcm,image_medium,1178708,184040,183819,6.107930591950543,6.115273971366279,1178724,16,0.0013574184615697865
20,aes-gcm,image_medium,1178708,184489,183152,6.093065419307266,6.13754447749726,1178724,16,0.0013574184615697865
21,aes-gcm,image_medium,1178708,184140,183196,6.104613588262073,6.136070362576574,1178724,16,0.0013574184615697865
22,aes-gcm,image_medium,1178708,184086,183631,6.106404322667547,6.121534741642632,1178724,16,0.0013574184615697865
23,aes-gcm,image_medium,1178708,184417,183725,6.095444271095279,6.118402754892247,1178724,16,0.0013574184615697865
24,aes-gcm,image_medium,1178708,184351,183533,6.097626517581018,6.124803420325381,1178724,16,0.0013574184615697865
25,aes-gcm,image_medium,1178708,184164,183258,6.103818043388383,6.13399440211384,1178724,16,0.0013574184615697865
26,aes-gcm,image_medium,1178708,188354,184292,5.96803649586724,6.099578636851182,1178724,16,0.0013574184615697865
27,aes-gcm,image_medium,1178708,184440,183962,6.09468415822261,6.11052035824017,1178724,16,0.0013574184615697865
28,aes-gcm,image_medium,1178708,184109,184074,6.1056414740321125,6.106802406328858,1178724,16,0.0013574184615697865
29,aes-gcm,image_medium,1178708,184748,183871,6.08452349223038,6.113544529276385,1178724,16,0.0013574184615697865
30,aes-gcm,image_medium,1178708,184829,184304,6.081856992910085,6.099181494392841,1178724,16,0.0013574184615697865
1,aes-gcm-siv,image_large,5030544,706920,690058,6.786483067888251,6.95231503779619,5030560,16,0.0003180570530741804
2,aes-gcm-siv,image_large,5030544,689698,687560,6.9559439208922775,6.977573754074645,5030560,16,0.0003180570530741804
3,aes-gcm-siv,image_large,5030544,689509,688885,6.957850601444742,6.964153102987527,5030560,16,0.0003180570530741804
4,aes-gcm-siv,image_large,5030544,689450,689459,6.958446022701519,6.958355189143317,5030560,16,0.0003180570530741804
5,aes-gcm-siv,image_large,5030544,689293,688595,6.960030945260669,6.967086038021715,5030560,16,0.0003180570530741804
6,aes-gcm-siv,image_large,5030544,688926,688429,6.9637386458800545,6.968766002523954,5030560,16,0.0003180570530741804
7,aes-gcm-siv,image_large,5030544,688184,688607,6.971246949001375,6.966964626196892,5030560,16,0.0003180570530741804
8,aes-gcm-siv,image_large,5030544,687819,688690,6.974946330868387,6.966124976914958,5030560,16,0.0003180570530741804
9,aes-gcm-siv,image_large,5030544,688263,688532,6.970446777396958,6.967723519533678,5030560,16,0.0003180570530741804
10,aes-gcm-siv,image_large,5030544,688153,688657,6.9715609905814,6.966458789138225,5030560,16,0.0003180570530741804
11,aes-gcm-siv,image_large,5030544,688415,688951,6.968907723323231,6.963485952341404,5030560,16,0.0003180570530741804
12,aes-gcm-siv,image_large,5030544,690218,692136,6.950703415952007,6.931442101482314,5030560,16,0.0003180570530741804
13,aes-gcm-siv,image_large,5030544,692151,690162,6.931291886238065,6.951267398598535,5030560,16,0.0003180570530741804
14,aes-gcm-siv,image_large,5030544,689135,688679,6.961626691942162,6.966236244101479,5030560,16,0.0003180570530741804
15,aes-gcm-siv,image_large,5030544,689266,688393,6.960303584322398,6.969130439082853,5030560,16,0.0003180570530741804
16,aes-gcm-siv,image_large,5030544,688937,688826,6.963627458463637,6.964749603458003,5030560,16,0.0003180570530741804
17,aes-gcm-siv,image_large,5030544,688812,688298,6.964891160943135,6.970092329705393,5030560,16,0.0003180570530741804
18,aes-gcm-siv,image_large,5030544,688775,688935,6.9652653048550865,6.963647674093438,5030560,16,0.0003180570530741804
19,aes-gcm-siv,image_large,5030544,688545,688936,6.96759196617732,6.963637566263865,5030560,16,0.0003180570530741804
20,aes-gcm-siv,image_large,5030544,688524,688751,6.967804477914441,6.965508014291903,5030560,16,0.0003180570530741804
21,aes-gcm-siv,image_large,5030544,688577,689337,6.9672681636934755,6.959586690329349,5030560,16,0.0003180570530741804
22,aes-gcm-siv,image_large,5030544,688756,705907,6.96545744843103,6.796221896583492,5030560,16,0.0003180570530741804
23,aes-gcm-siv,image_large,5030544,690426,688447,6.948609424256275,6.9685837985372325,5030560,16,0.0003180570530741804
24,aes-gcm-siv,image_large,5030544,689819,688568,6.954723790373363,6.9673592301000955,5030560,16,0.0003180570530741804
25,aes-gcm-siv,image_large,5030544,689157,689713,6.961404455518209,6.955792641796751,5030560,16,0.0003180570530741804
26,aes-gcm-siv,image_large,5030544,689148,688024,6.96149536870391,6.972868112669853,5030560,16,0.0003180570530741804
27,aes-gcm-siv,image_large,5030544,689192,688738,6.961050926812212,6.965639488966142,5030560,16,0.0003180570530741804
28,aes-gcm-siv,image_large,5030544,688860,698562,6.964405844948992,6.867680478399286,5030560,16,0.0003180570530741804
29,aes-gcm-siv,image_large,5030544,695597,699215,6.896954142055763,6.861266721039398,5030560,16,0.0003180570530741804
30,aes-gcm-siv,image_large,5030544,691628,689769,6.936533238029059,6.955227924640804,5030560,16,0.0003180570530741804
1,aes-gcm,image_large,5030544,787158,787421,6.094711113082205,6.092675468842668,5030560,16,0.0003180570530741804
2,aes-gcm,image_large,5030544,787839,784163,6.089442906928399,6.117989002734842,5030560,16,0.0003180570530741804
3,aes-gcm,image_large,5030544,784965,783731,6.11173824355425,6.121361296607589,5030560,16,0.0003180570530741804
4,aes-gcm,image_large,5030544,785375,785452,6.108547649659796,6.10794881208726,5030560,16,0.0003180570530741804
5,aes-gcm,image_large,5030544,788939,787369,6.0809525328974265,6.093077845776964,5030560,16,0.0003180570530741804
6,aes-gcm,image_large,5030544,823802,786632,5.823608840900559,6.098786485105567,5030560,16,0.0003180570530741804
7,aes-gcm,image_large,5030544,835380,794922,5.742896179405256,6.035184093975966,5030560,16,0.0003180570530741804
8,aes-gcm,image_large,5030544,803150,789560,5.973355674969262,6.076169778549524,5030560,16,0.0003180570530741804
9,aes-gcm,image_large,5030544,786532,787338,6.0995618873123565,6.093317749621589,5030560,16,0.0003180570530741804
10,aes-gcm,image_large,5030544,787672,787328,6.090733973470635,6.093395141988552,5030560,16,0.0003180570530741804
11,aes-gcm,image_large,5030544,785542,785317,6.10724902086911,6.108998799658688,5030560,16,0.0003180570530741804
12,aes-gcm,image_large,5030544,789142,798013,6.079388260099655,6.011807590041218,5030560,16,0.0003180570530741804
13,aes-gcm,image_large,5030544,794035,784663,6.0419258727279805,6.114090520837051,5030560,16,0.0003180570530741804
14,aes-gcm,image_large,5030544,785384,824639,6.108477649597601,5.8176979385544,5030560,16,0.0003180570530741804
15,aes-gcm,image_large,5030544,799915,862337,5.997512998695564,5.563370944713682,5030560,16,0.0003180570530741804
16,aes-gcm,image_large,5030544,792510,786660,6.053552144896042,6.0985694078147645,5030560,16,0.0003180570530741804
17,aes-gcm,image_large,5030544,805386,785219,5.95677179681738,6.10976123903212,5030560,16,0.0003180570530741804
18,aes-gcm,image_large,5030544,786111,785441,6.102828494133224,6.108034353123357,5030560,16,0.0003180570530741804
19,aes-gcm,image_large,5030544,785191,785009,6.109979113809968,6.111395678713954,5030560,16,0.0003180570530741804
20,aes-gcm,image_large,5030544,785189,785479,6.109994676888701,6.1077388578836125,5030560,16,0.0003180570530741804
21,aes-gcm,image_large,5030544,786104,786236,6.102882837832605,6.101858233852892,5030560,16,0.0003180570530741804
22,aes-gcm,image_large,5030544,785230,785071,6.1096756496205735,6.1109130388863715,5030560,16,0.0003180570530741804
23,aes-gcm,image_large,5030544,788735,784667,6.082525322638862,6.114059353014161,5030560,16,0.0003180570530741804
24,aes-gcm,image_large,5030544,786098,784939,6.102929418916678,6.111940686284618,5030560,16,0.0003180570530741804
25,aes-gcm,image_large,5030544,786910,787985,6.09663190244318,6.0883146384151505,5030560,16,0.0003180570530741804
26,aes-gcm,image_large,5030544,827392,784450,5.798340581431247,6.115750666519935,5030560,16,0.0003180570530741804
27,aes-gcm,image_large,5030544,785103,793878,6.110663964284384,6.043120744436251,5030560,16,0.0003180570530741804
28,aes-gcm,image_large,5030544,853405,785328,5.6215989012855125,6.1089132316071275,5030560,16,0.0003180570530741804
29,aes-gcm,image_large,5030544,785689,787412,6.106106373325276,6.092745107201265,5030560,16,0.0003180570530741804
30,aes-gcm,image_large,5030544,785900,785146,6.104466993703476,6.110329302259149,5030560,16,0.0003180570530741804
1,aes-gcm-siv,audio_small,733645,124586,98772,5.615866902058524,7.083570180414118,733661,16,0.002180891303014401
2,aes-gcm-siv,audio_small,733645,99414,100495,7.037825596594677,6.962121437483091,733661,16,0.002180891303014401
3,aes-gcm-siv,audio_small,733645,100610,100484,6.954163540998541,6.962883582061455,733661,16,0.002180891303014401
4,aes-gcm-siv,audio_small,733645,100639,99093,6.9521596385085624,7.060623796432274,733661,16,0.002180891303014401
5,aes-gcm-siv,audio_small,733645,99550,99855,7.028210887592801,7.006743716988266,733661,16,0.002180891303014401
6,aes-gcm-siv,audio_small,733645,100258,100164,6.9785792042516634,6.985128328140482,733661,16,0.002180891303014401
7,aes-gcm-siv,audio_small,733645,99480,100868,7.033156351627094,6.936376193241299,733661,16,0.002180891303014401
8,aes-gcm-siv,audio_small,733645,99886,99340,7.004569147426699,7.043068188643681,733661,16,0.002180891303014401
9,aes-gcm-siv,audio_small,733645,99376,99728,7.040516763201007,7.015666551619037,733661,16,0.002180891303014401
10,aes-gcm-siv,audio_small,733645,100094,99966,6.990013326072125,6.998963586217947,733661,16,0.002180891303014401
11,aes-gcm-siv,audio_small,733645,99782,99633,7.011869814794886,7.022355985063817,733661,16,0.002180891303014401
12,aes-gcm-siv,audio_small,733645,99647,99435,7.0213693724835,7.036339255391596,733661,16,0.002180891303014401
13,aes-gcm-siv,audio_small,733645,99380,100738,7.0402333855892865,6.94532742222263,733661,16,0.002180891303014401
14,aes-gcm-siv,audio_small,733645,100996,101287,6.927585190105185,6.907682070353187,733661,16,0.002180891303014401
15,aes-gcm-siv,audio_small,733645,114832,101703,6.092886946668727,6.879427291818956,733661,16,0.002180891303014401
16,aes-gcm-siv,audio_small,733645,100276,100590,6.977326517410579,6.955546215924677,733661,16,0.002180891303014401
17,aes-gcm-siv,audio_small,733645,100160,100186,6.985407286939529,6.983594452916209,733661,16,0.002180891303014401
18,aes-gcm-siv,audio_small,733645,101314,101403,6.905841185422185,6.899780024849988,733661,16,0.002180891303014401
19,aes-gcm-siv,audio_small,733645,101060,100808,6.923198039381193,6.940504660938252,733661,16,0.002180891303014401
20,aes-gcm-siv,audio_small,733645,100888,100462,6.93500112857687,6.964408371920361,733661,16,0.002180891303014401
21,aes-gcm-siv,audio_small,733645,100531,100752,6.95962831226053,6.944362333848096,733661,16,0.002180891303014401
22,aes-gcm-siv,audio_small,733645,100856,100701,6.937201493811606,6.947879304672876,733661,16,0.002180891303014401
23,aes-gcm-siv,audio_small,733645,100741,106259,6.945120594989759,6.5844624348042355,733661,16,0.002180891303014401
24,aes-gcm-siv,audio_small,733645,101076,100647,6.922102119789696,6.951607041043084,733661,16,0.002180891303014401
25,aes-gcm-siv,audio_small,733645,100638,100617,6.9522287193690575,6.953679734635929,733661,16,0.002180891303014401
26,aes-gcm-siv,audio_small,733645,101607,100980,6.885927090258184,6.928682846700964,733661,16,0.002180891303014401
27,aes-gcm-siv,audio_small,733645,100962,100678,6.929918126224355,6.949466555353337,733661,16,0.002180891303014401
28,aes-gcm-siv,audio_small,733645,100709,100748,6.9473273874218116,6.944638046014444,733661,16,0.002180891303014401
29,aes-gcm-siv,audio_small,733645,100993,100818,6.927790974224583,6.939816241741189,733661,16,0.002180891303014401
30,aes-gcm-siv,audio_small,733645,100324,100827,6.973988216776278,6.9391967812179605,733661,16,0.002180891303014401
1,aes-gcm,audio_small,733645,114890,113988,6.08981107023991,6.138000437413265,733661,16,0.002180891303014401
2,aes-gcm,audio_small,733645,114430,114201,6.114291653061813,6.126552253131438,733661,16,0.002180891303014401
3,aes-gcm,audio_small,733645,114523,114065,6.109326457217007,6.13385695752302,733661,16,0.002180891303014401
4,aes-gcm,audio_small,733645,114427,113854,6.11445195504438,6.145224531943219,733661,16,0.002180891303014401
5,aes-gcm,audio_small,733645,114578,114193,6.106393844017728,6.126981459983215,733661,16,0.002180891303014401
6,aes-gcm,audio_small,733645,114579,114188,6.106340549837783,6.127249744805613,733661,16,0.002180891303014401
7,aes-gcm,audio_small,733645,114083,114010,6.132889158418548,6.1368160149097735,733661,16,0.002180891303014401
8,aes-gcm,audio_small,733645,114321,116301,6.120121358804273,6.015927583252623,733661,16,0.002180891303014401
9,aes-gcm,audio_small,733645,117985,114821,5.930062244012911,6.093470653102336,733661,16,0.002180891303014401
10,aes-gcm,audio_small,733645,114710,115015,6.099367046115101,6.083192573663116,733661,16,0.002180891303014401
11,aes-gcm,audio_small,733645,156266,114909,4.477355239526598,6.088804130745749,733661,16,0.002180891303014401
12,aes-gcm,audio_small,733645,114692,114295,6.100324293410728,6.121513573295974,733661,16,0.002180891303014401
13,aes-gcm,audio_small,733645,114228,114245,6.125104123856351,6.124192689919588,733661,16,0.002180891303014401
14,aes-gcm,audio_small,733645,114676,114190,6.1011754321729335,6.127142428057302,733661,16,0.002180891303014401
15,aes-gcm,audio_small,733645,114636,114360,6.103304318537486,6.118034224028185,733661,16,0.002180891303014401
16,aes-gcm,audio_small,733645,117623,115779,5.948312777771892,6.043050932033125,733661,16,0.002180891303014401
17,aes-gcm,audio_small,733645,114035,113934,6.135470634979289,6.140909595554122,733661,16,0.002180891303014401
18,aes-gcm,audio_small,733645,115269,115488,6.069788007702533,6.05827786315343,733661,16,0.002180891303014401
19,aes-gcm,audio_small,733645,121879,117361,5.740598412030483,5.961591958656311,733661,16,0.002180891303014401
20,aes-gcm,audio_small,733645,115572,114057,6.053874587788247,6.134287188509808,733661,16,0.002180891303014401
21,aes-gcm,audio_small,733645,114488,114634,6.111194132658997,6.1034108018551505,733661,16,0.002180891303014401
22,aes-gcm,audio_small,733645,114309,118476,6.120763840641273,5.905486291399636,733661,16,0.002180891303014401
23,aes-gcm,audio_small,733645,124164,123385,5.6349537213674115,5.670530403694642,733661,16,0.002180891303014401
24,aes-gcm,audio_small,733645,121953,160695,5.7371150677708895,4.3539524805368135,733661,16,0.002180891303014401
25,aes-gcm,audio_small,733645,119517,118605,5.854049163381471,5.899063225495243,733661,16,0.002180891303014401
26,aes-gcm,audio_small,733645,118425,117409,5.908029502722088,5.959154697338903,733661,16,0.002180891303014401
27,aes-gcm,audio_small,733645,117690,117457,5.944926449654714,5.956719428044844,733661,16,0.002180891303014401
28,aes-gcm,audio_small,733645,117749,115792,5.941947650169966,6.042372477026593,733661,16,0.002180891303014401
29,aes-gcm,audio_small,733645,115634,114319,6.050628654719747,6.120228429743641,733661,16,0.002180891303014401
30,aes-gcm,audio_small,733645,114736,114429,6.097984885823658,6.114345086122078,733661,16,0.002180891303014401
1,aes-gcm-siv,audio_medium,3478581,503029,477750,6.594914721097133,6.943868879620658,3478597,16,0.00045995766664625603
2,aes-gcm-siv,audio_medium,3478581,478767,477375,6.929118667825413,6.9493236077271945,3478597,16,0.00045995766664625603
3,aes-gcm-siv,audio_medium,3478581,478038,476775,6.939685458559297,6.958069020478778,3478597,16,0.00045995766664625603
4,aes-gcm-siv,audio_medium,3478581,478077,475779,6.93911934110775,6.972635104194951,3478597,16,0.00045995766664625603
5,aes-gcm-siv,audio_medium,3478581,477994,477039,6.94032426607608,6.954218328561752,3478597,16,0.00045995766664625603
6,aes-gcm-siv,audio_medium,3478581,485264,483593,6.83634754945508,6.859969762256214,3478597,16,0.00045995766664625603
7,aes-gcm-siv,audio_medium,3478581,478980,479258,6.926037323560001,6.922019783162241,3478597,16,0.00045995766664625603
8,aes-gcm-siv,audio_medium,3478581,480665,478040,6.9017576841225585,6.939656424648082,3478597,16,0.00045995766664625603
9,aes-gcm-siv,audio_medium,3478581,477973,476811,6.940629192943471,6.957543675038473,3478597,16,0.00045995766664625603
10,aes-gcm-siv,audio_medium,3478581,478042,476581,6.939627390979808,6.960901414951015,3478597,16,0.00045995766664625603
11,aes-gcm-siv,audio_medium,3478581,478390,478043,6.934579228743848,6.939612874236773,3478597,16,0.00045995766664625603
12,aes-gcm-siv,audio_medium,3478581,478192,476764,6.937450558015963,6.958229558521133,3478597,16,0.00045995766664625603
13,aes-gcm-siv,audio_medium,3478581,478576,476801,6.931884083695734,6.95768959636991,3478597,16,0.00045995766664625603
14,aes-gcm-siv,audio_medium,3478581,478977,476646,6.9260807037472985,6.9599521599651935,3478597,16,0.00045995766664625603
15,aes-gcm-siv,audio_medium,3478581,477889,477679,6.941849168402641,6.944900984214859,3478597,16,0.00045995766664625603
16,aes-gcm-siv,audio_medium,3478581,478042,477503,6.939627390979808,6.947460764097334,3478597,16,0.00045995766664625603
17,aes-gcm-siv,audio_medium,3478581,480160,477951,6.9090164887511865,6.9409486688777084,3478597,16,0.00045995766664625603
18,aes-gcm-siv,audio_medium,3478581,478728,477523,6.929683154607146,6.947169784992073,3478597,16,0.00045995766664625603
19,aes-gcm-siv,audio_medium,3478581,478310,477382,6.935739075576027,6.949221707644548,3478597,16,0.00045995766664625603
20,aes-gcm-siv,audio_medium,3478581,478410,477914,6.934289327645262,6.941486035644006,3478597,16,0.00045995766664625603
21,aes-gcm-siv,audio_medium,3478581,477580,476998,6.946340628248188,6.954816073104645,3478597,16,0.00045995766664625603
22,aes-gcm-siv,audio_medium,3478581,478770,477307,6.929075249574471,6.950313649786762,3478597,16,0.00045995766664625603
23,aes-gcm-siv,audio_medium,3478581,478404,477084,6.9343762954297405,6.9535623857408115,3478597,16,0.00045995766664625603
24,aes-gcm-siv,audio_medium,3478581,477711,476141,6.944435772336767,6.967333956199465,3478597,16,0.00045995766664625603
25,aes-gcm-siv,audio_medium,3478581,477898,476947,6.941718436232772,6.955559752422742,3478597,16,0.00045995766664625603
26,aes-gcm-siv,audio_medium,3478581,478279,476876,6.936188620530631,6.956595335556349,3478597,16,0.00045995766664625603
27,aes-gcm-siv,audio_medium,3478581,478606,476054,6.931449579066643,6.968607253040138,3478597,16,0.00045995766664625603
28,aes-gcm-siv,audio_medium,3478581,477860,477753,6.942270450003703,6.943825276322221,3478597,16,0.00045995766664625603
29,aes-gcm-siv,audio_medium,3478581,477609,476096,6.94591885253161,6.967992499913398,3478597,16,0.00045995766664625603
30,aes-gcm-siv,audio_medium,3478581,478046,476762,6.9395693243720675,6.958258748052003,3478597,16,0.00045995766664625603
1,aes-gcm,audio_medium,3478581,545055,542730,6.086419457190137,6.112493057761261,3478597,16,0.00045995766664625603
2,aes-gcm,audio_medium,3478581,543607,541940,6.102631785901892,6.121403397495608,3478597,16,0.00045995766664625603
3,aes-gcm,audio_medium,3478581,544555,544968,6.092007891285122,6.087391107805907,3478597,16,0.00045995766664625603
4,aes-gcm,audio_medium,3478581,543502,543311,6.103810762865214,6.105956546506089,3478597,16,0.00045995766664625603
5,aes-gcm,audio_medium,3478581,544516,543537,6.092444220626702,6.103417719932165,3478597,16,0.00045995766664625603
6,aes-gcm,audio_medium,3478581,544253,540678,6.095388279419258,6.135691404567543,3478597,16,0.00045995766664625603
7,aes-gcm,audio_medium,3478581,544392,542087,6.093831939555999,6.119743430923025,3478597,16,0.00045995766664625603
8,aes-gcm,audio_medium,3478581,543846,542632,6.099949907214118,6.113596981451093,3478597,16,0.00045995766664625603
9,aes-gcm,audio_medium,3478581,543534,542315,6.103451407342999,6.117170569205664,3478597,16,0.00045995766664625603
10,aes-gcm,audio_medium,3478581,542606,542541,6.113889926095121,6.114622410543663,3478597,16,0.00045995766664625603
11,aes-gcm,audio_medium,3478581,544179,542635,6.096217158763513,6.113563181952453,3478597,16,0.00045995766664625603
12,aes-gcm,audio_medium,3478581,543705,543548,6.101531818244764,6.103294202607257,3478597,16,0.00045995766664625603
13,aes-gcm,audio_medium,3478581,543131,541983,6.107980132304673,6.120917735867674,3478597,16,0.00045995766664625603
14,aes-gcm,audio_medium,3478581,543363,542533,6.105372204656499,6.114712574606096,3478597,16,0.00045995766664625603
15,aes-gcm,audio_medium,3478581,544246,542397,6.095466677272354,6.11624577060487,3478597,16,0.00045995766664625603
16,aes-gcm,audio_medium,3478581,543980,543112,6.098447290780487,6.108193811292642,3478597,16,0.00045995766664625603
17,aes-gcm,audio_medium,3478581,543694,542749,6.1016552642456405,6.1122790778771945,3478597,16,0.00045995766664625603
18,aes-gcm,audio_medium,3478581,543908,542870,6.099254574741996,6.110916715307108,3478597,16,0.00045995766664625603
19,aes-gcm,audio_medium,3478581,543507,560230,6.1037546107755185,5.921556070254662,3478597,16,0.00045995766664625603
20,aes-gcm,audio_medium,3478581,544458,542152,6.093093236280429,6.119009719117092,3478597,16,0.00045995766664625603
21,aes-gcm,audio_medium,3478581,542662,542840,6.113259003281545,6.111254434527245,3478597,16,0.00045995766664625603
22,aes-gcm,audio_medium,3478581,544157,541172,6.096463625826314,6.130090539123919,3478597,16,0.00045995766664625603
23,aes-gcm,audio_medium,3478581,543999,540924,6.098234293149012,6.1329010309004035,3478597,16,0.00045995766664625603
24,aes-gcm,audio_medium,3478581,544587,542022,6.091649924142092,6.12047731870435,3478597,16,0.00045995766664625603
25,aes-gcm,audio_medium,3478581,544118,543142,6.096900593692489,6.10785643024986,3478597,16,0.00045995766664625603
26,aes-gcm,audio_medium,3478581,544436,542566,6.093339450805548,6.114340664985955,3478597,16,0.00045995766664625603
27,aes-gcm,audio_medium,3478581,543837,543239,6.100050855750472,6.10676581990389,3478597,16,0.00045995766664625603
28,aes-gcm,audio_medium,3478581,544089,542418,6.097225559125013,6.116008976912215,3478597,16,0.00045995766664625603
29,aes-gcm,audio_medium,3478581,544315,541867,6.094693986457786,6.122228069321014,3478597,16,0.00045995766664625603
30,aes-gcm,audio_medium,3478581,544333,542158,6.094492447157842,6.1189420007429005,3478597,16,0.00045995766664625603
1,aes-gcm-siv,audio_large,11650187,1615437,1598057,6.877695709105326,6.952495513758258,11650203,16,0.00013733685133122755
2,aes-gcm-siv,audio_large,11650187,1596456,1595989,6.959467798191732,6.961504197854734,11650203,16,0.00013733685133122755
3,aes-gcm-siv,audio_large,11650187,1594493,1596081,6.968035684841502,6.961102928504243,11650203,16,0.00013733685133122755
4,aes-gcm-siv,audio_large,11650187,1596946,1596126,6.957332385209005,6.960906672299042,11650203,16,0.00013733685133122755
5,aes-gcm-siv,audio_large,11650187,1596486,1596816,6.9593370209510015,6.957898795622025,11650203,16,0.00013733685133122755
6,aes-gcm-siv,audio_large,11650187,1596750,1596113,6.958186393129783,6.9609633673994145,11650203,16,0.00013733685133122755
7,aes-gcm-siv,audio_large,11650187,1595476,1595077,6.963742559104607,6.965484502146278,11650203,16,0.00013733685133122755
8,aes-gcm-siv,audio_large,11650187,1595893,1596648,6.961922963024451,6.958630908772616,11650203,16,0.00013733685133122755
9,aes-gcm-siv,audio_large,11650187,1595324,1595394,6.964406053710707,6.96410048127922,11650203,16,0.00013733685133122755
10,aes-gcm-siv,audio_large,11650187,1597644,1597599,6.954292773127167,6.954488656558986,11650203,16,0.00013733685133122755
11,aes-gcm-siv,audio_large,11650187,1596335,1595591,6.959995316290114,6.9632406570543335,11650203,16,0.00013733685133122755
12,aes-gcm-siv,audio_large,11650187,1595171,1596229,6.965074041109061,6.960457505301545,11650203,16,0.00013733685133122755
13,aes-gcm-siv,audio_large,11650187,1596460,1600234,6.959450360942323,6.943037157834405,11650203,16,0.00013733685133122755
14,aes-gcm-siv,audio_large,11650187,1650656,1602618,6.73095067853628,6.932708932028706,11650203,16,0.00013733685133122755
15,aes-gcm-siv,audio_large,11650187,1659355,1613865,6.6956643534566025,6.884394991669055,11650203,16,0.00013733685133122755
16,aes-gcm-siv,audio_large,11650187,1680024,1618012,6.613288931128353,6.866750137347548,11650203,16,0.00013733685133122755
17,aes-gcm-siv,audio_large,11650187,1608493,1601059,6.907387301797384,6.93945952224745,11650203,16,0.00013733685133122755
18,aes-gcm-siv,audio_large,11650187,1602524,1625661,6.9331155871799615,6.834440958619282,11650203,16,0.00013733685133122755
19,aes-gcm-siv,audio_large,11650187,1671499,1598244,6.647018109630924,6.951682048066491,11650203,16,0.00013733685133122755
20,aes-gcm-siv,audio_large,11650187,1599090,1602309,6.94800425443845,6.934045882055197,11650203,16,0.00013733685133122755
21,aes-gcm-siv,audio_large,11650187,1607627,1706765,6.911108188174235,6.509674221834863,11650203,16,0.00013733685133122755
22,aes-gcm-siv,audio_large,11650187,1645408,1691608,6.752418927846455,6.568001642951547,11650203,16,0.00013733685133122755
23,aes-gcm-siv,audio_large,11650187,1610355,1599230,6.899400519283003,6.9473960113492,11650203,16,0.00013733685133122755
24,aes-gcm-siv,audio_large,11650187,1650308,1698953,6.732370032278811,6.539606524271114,11650203,16,0.00013733685133122755
25,aes-gcm-siv,audio_large,11650187,1611849,1628088,6.8930055626984785,6.824252818784967,11650203,16,0.00013733685133122755
26,aes-gcm-siv,audio_large,11650187,1614615,1635274,6.881197141875916,6.794264522783326,11650203,16,0.00013733685133122755
27,aes-gcm-siv,audio_large,11650187,1657809,1596704,6.701908436514689,6.95838685393785,11650203,16,0.00013733685133122755
28,aes-gcm-siv,audio_large,11650187,1679713,1632406,6.61451338605463,6.806201473916404,11650203,16,0.00013733685133122755
29,aes-gcm-siv,audio_large,11650187,1613622,1661409,6.88543173260527,6.687386503401619,11650203,16,0.00013733685133122755
30,aes-gcm-siv,audio_large,11650187,1698548,1631115,6.541165821177842,6.811588467539064,11650203,16,0.00013733685133122755
1,aes-gcm,audio_large,11650187,1831360,1902841,6.066794143822067,5.838892541851884,11650203,16,0.00013733685133122755
2,aes-gcm,audio_large,11650187,1864028,1826735,5.960470616981065,6.082154293441567,11650203,16,0.00013733685133122755
3,aes-gcm,audio_large,11650187,1824967,1893331,6.088046591105472,5.86822067733005,11650203,16,0.00013733685133122755
4,aes-gcm,audio_large,11650187,1880615,1907655,5.907899343156351,5.824157996718474,11650203,16,0.00013733685133122755
5,aes-gcm,audio_large,11650187,1856772,1932756,5.983763285546088,5.7485187593415725,11650203,16,0.00013733685133122755
6,aes-gcm,audio_large,11650187,1826384,1822556,6.083323180245764,6.096100269747531,11650203,16,0.00013733685133122755
7,aes-gcm,audio_large,11650187,1823832,1822232,6.091835280458936,6.097184180296461,11650203,16,0.00013733685133122755
8,aes-gcm,audio_large,11650187,1824530,1822308,6.089504761900314,6.096929895072611,11650203,16,0.00013733685133122755
9,aes-gcm,audio_large,11650187,1824198,1821439,6.090613038294078,6.099838711716385,11650203,16,0.00013733685133122755
10,aes-gcm,audio_large,11650187,1822805,1821889,6.095267526274056,6.098332073595032,11650203,16,0.00013733685133122755
11,aes-gcm,audio_large,11650187,1824393,1822559,6.0899620439400834,6.096090235339421,11650203,16,0.00013733685133122755
12,aes-gcm,audio_large,11650187,1824229,1820367,6.090509537579975,6.103430859398121,11650203,16,0.00013733685133122755
13,aes-gcm,audio_large,11650187,1822859,1820087,6.095086961322834,6.104369803877496,11650203,16,0.00013733685133122755
14,aes-gcm,audio_large,11650187,1823553,1910873,6.092767319200473,5.814349840742938,11650203,16,0.00013733685133122755
15,aes-gcm,audio_large,11650187,1912003,1829405,5.81091354105092,6.073277444431375,11650203,16,0.00013733685133122755
16,aes-gcm,audio_large,11650187,1826347,1824521,6.0834464224104075,6.089534800218786,11650203,16,0.00013733685133122755
17,aes-gcm,audio_large,11650187,1825586,1885435,6.085982321966744,5.892796157507409,11650203,16,0.00013733685133122755
18,aes-gcm,audio_large,11650187,1928937,1843055,5.759899946566415,6.028297648865595,11650203,16,0.00013733685133122755
19,aes-gcm,audio_large,11650187,1824181,1820900,6.090669798243694,6.101644309533737,11650203,16,0.00013733685133122755
20,aes-gcm,audio_large,11650187,1825140,1822301,6.087469521916116,6.096953315193254,11650203,16,0.00013733685133122755
21,aes-gcm,audio_large,11650187,1823433,1821253,6.093168283797639,6.100461672941639,11650203,16,0.00013733685133122755
22,aes-gcm,audio_large,11650187,1823569,1819859,6.092713861241324,6.105134586377286,11650203,16,0.00013733685133122755
23,aes-gcm,audio_large,11650187,1822625,1825560,6.095869486718321,6.0860689997754,11650203,16,0.00013733685133122755
24,aes-gcm,audio_large,11650187,1823934,1820193,6.091494606290568,6.104014312344889,11650203,16,0.00013733685133122755
25,aes-gcm,audio_large,11650187,1878111,1830039,5.915776076722824,6.071173413916305,11650203,16,0.00013733685133122755
26,aes-gcm,audio_large,11650187,1833999,1834669,6.058064439091832,6.055852103692808,11650203,16,0.00013733685133122755
27,aes-gcm,audio_large,11650187,1848400,1908694,6.01086568017203,5.820987608925255,11650203,16,0.00013733685133122755
28,aes-gcm,audio_large,11650187,1832287,1837873,6.063724800334216,6.045294818102219,11650203,16,0.00013733685133122755
29,aes-gcm,audio_large,11650187,1912220,1826536,5.810254114709594,6.082816940498288,11650203,16,0.00013733685133122755
30,aes-gcm,audio_large,11650187,1878602,1831788,5.914229902464695,6.065376628316148,11650203,16,0.00013733685133122755
1,aes-gcm-siv,video_small,4826398,679682,661583,6.772007811527291,6.957270385355264,4826414,16,0.00033151016555203283
2,aes-gcm-siv,video_small,4826398,662862,662086,6.943846250583821,6.951984807645068,4826414,16,0.00033151016555203283
3,aes-gcm-siv,video_small,4826398,664005,661800,6.931893304048151,6.95498914075928,4826414,16,0.00033151016555203283
4,aes-gcm-siv,video_small,4826398,663882,661333,6.933177602878964,6.959900403207601,4826414,16,0.00033151016555203283
5,aes-gcm-siv,video_small,4826398,662669,662061,6.945868621218878,6.952247320646424,4826414,16,0.00033151016555203283
6,aes-gcm-siv,video_small,4826398,661719,661606,6.95584049022998,6.957028523554037,4826414,16,0.00033151016555203283
7,aes-gcm-siv,video_small,4826398,662931,660765,6.943123512634787,6.965883201069203,4826414,16,0.00033151016555203283
8,aes-gcm-siv,video_small,4826398,663722,660077,6.934848947834322,6.97314375952274,4826414,16,0.00033151016555203283
9,aes-gcm-siv,video_small,4826398,663549,662773,6.936656996475756,6.94477870002926,4826414,16,0.00033151016555203283
10,aes-gcm-siv,video_small,4826398,663208,661946,6.9402236000688955,6.9534551358486825,4826414,16,0.00033151016555203283
11,aes-gcm-siv,video_small,4826398,662851,660315,6.943961483583026,6.970630401178971,4826414,16,0.00033151016555203283
12,aes-gcm-siv,video_small,4826398,662762,662025,6.944893963978762,6.952625374199603,4826414,16,0.00033151016555203283
13,aes-gcm-siv,video_small,4826398,663454,660394,6.937650256618382,6.969796535635533,4826414,16,0.00033151016555203283
14,aes-gcm-siv,video_small,4826398,664029,661432,6.931642764629997,6.958858678374333,4826414,16,0.00033151016555203283
15,aes-gcm-siv,video_small,4826398,663099,661708,6.941364431788454,6.955956121664681,4826414,16,0.00033151016555203283
16,aes-gcm-siv,video_small,4826398,662070,661520,6.952152813682075,6.957932962502256,4826414,16,0.00033151016555203283
17,aes-gcm-siv,video_small,4826398,662626,662209,6.946319361682898,6.9506935323357,4826414,16,0.00033151016555203283
18,aes-gcm-siv,video_small,4826398,661339,661685,6.9598372594909605,6.956197908906039,4826414,16,0.00033151016555203283
19,aes-gcm-siv,video_small,4826398,663139,662254,6.940945734385237,6.950221234382114,4826414,16,0.00033151016555203283
20,aes-gcm-siv,video_small,4826398,664108,706495,6.930818200284429,6.5149955956581325,4826414,16,0.00033151016555203283
21,aes-gcm-siv,video_small,4826398,685988,661697,6.709755583704805,6.956071756943877,4826414,16,0.00033151016555203283
22,aes-gcm-siv,video_small,4826398,662624,661710,6.946340327779392,6.955935097481513,4826414,16,0.00033151016555203283
23,aes-gcm-siv,video_small,4826398,661874,660599,6.954211546841986,6.9676336375842105,4826414,16,0.00033151016555203283
24,aes-gcm-siv,video_small,4826398,662101,661727,6.951827309359889,6.9557563970557235,4826414,16,0.00033151016555203283
25,aes-gcm-siv,video_small,4826398,662885,660921,6.943605321216339,6.96423901397367,4826414,16,0.00033151016555203283
26,aes-gcm-siv,video_small,4826398,662822,662009,6.944265298005335,6.952793411199081,4826414,16,0.00033151016555203283
27,aes-gcm-siv,video_small,4826398,682639,683416,6.742673379860354,6.73500739425839,4826414,16,0.00033151016555203283
28,aes-gcm-siv,video_small,4826398,662813,661221,6.9443595906454645,6.961079296263265,4826414,16,0.00033151016555203283
29,aes-gcm-siv,video_small,4826398,662521,661753,6.947420252874236,6.955483108281325,4826414,16,0.00033151016555203283
30,aes-gcm-siv,video_small,4826398,662825,661530,6.944233867694327,6.957827783100528,4826414,16,0.00033151016555203283
1,aes-gcm,video_small,4826398,756470,755005,6.084592665081884,6.096399114382676,4826414,16,0.00033151016555203283
2,aes-gcm,video_small,4826398,758945,754969,6.064750164181189,6.096689815548046,4826414,16,0.00033151016555203283
3,aes-gcm,video_small,4826398,756395,755641,6.085195980082486,6.091267961048292,4826414,16,0.00033151016555203283
4,aes-gcm,video_small,4826398,756599,754470,6.0835552430739295,6.100722114006511,4826414,16,0.00033151016555203283
5,aes-gcm,video_small,4826398,756049,754864,6.0879808231404215,6.097537852321071,4826414,16,0.00033151016555203283
6,aes-gcm,video_small,4826398,755548,754969,6.09201773197003,6.096689815548046,4826414,16,0.00033151016555203283
7,aes-gcm,video_small,4826398,756029,753363,6.0881418746562534,6.109686583167068,4826414,16,0.00033151016555203283
8,aes-gcm,video_small,4826398,756203,753949,6.086741011810972,6.104937884862892,4826414,16,0.00033151016555203283
9,aes-gcm,video_small,4826398,756193,753497,6.08682150370936,6.1086000519637,4826414,16,0.00033151016555203283
10,aes-gcm,video_small,4826398,757138,754422,6.079224412662543,6.101110271644374,4826414,16,0.00033151016555203283
11,aes-gcm,video_small,4826398,757216,753636,6.078598198340358,6.107473386826654,4826414,16,0.00033151016555203283
12,aes-gcm,video_small,4826398,757956,754609,6.072663602312657,6.099598352729019,4826414,16,0.00033151016555203283
13,aes-gcm,video_small,4826398,756774,754260,6.082148452978687,6.102420668409423,4826414,16,0.00033151016555203283
14,aes-gcm,video_small,4826398,756414,756863,6.0850431289670635,6.081433249286189,4826414,16,0.00033151016555203283
15,aes-gcm,video_small,4826398,760807,758863,6.049907287070823,6.065405499219875,4826414,16,0.00033151016555203283
16,aes-gcm,video_small,4826398,757930,754901,6.072871918718737,6.097238993397137,4826414,16,0.00033151016555203283
17,aes-gcm,video_small,4826398,756379,754831,6.085324702767386,6.097804426890909,4826414,16,0.00033151016555203283
18,aes-gcm,video_small,4826398,755732,755916,6.090534492855261,6.089051975820715,4826414,16,0.00033151016555203283
19,aes-gcm,video_small,4826398,756066,754795,6.0878439360512075,6.098095262096983,4826414,16,0.00033151016555203283
20,aes-gcm,video_small,4826398,755736,754308,6.090502256547912,6.102032344021928,4826414,16,0.00033151016555203283
21,aes-gcm,video_small,4826398,756353,771142,6.08553388874572,5.968825214233555,4826414,16,0.00033151016555203283
22,aes-gcm,video_small,4826398,755877,755110,6.08936614469615,6.095551394306118,4826414,16,0.00033151016555203283
23,aes-gcm,video_small,4826398,756523,754937,6.084166394616545,6.096948239859078,4826414,16,0.00033151016555203283
24,aes-gcm,video_small,4826398,755592,754758,6.091662978637269,6.098394204969662,4826414,16,0.00033151016555203283
25,aes-gcm,video_small,4826398,756169,753369,6.087014692951565,6.109637924250258,4826414,16,0.00033151016555203283
26,aes-gcm,video_small,4826398,756061,754220,6.08788419632079,6.102744309822721,4826414,16,0.00033151016555203283
27,aes-gcm,video_small,4826398,754871,754657,6.097481309196528,6.099210387440244,4826414,16,0.00033151016555203283
28,aes-gcm,video_small,4826398,755658,754035,6.091130926099495,6.104241598008703,4826414,16,0.00033151016555203283
29,aes-gcm,video_small,4826398,755598,754289,6.09161460638394,6.10218604984892,4826414,16,0.00033151016555203283
30,aes-gcm,video_small,4826398,755728,753789,6.090566729503859,6.106233725027152,4826414,16,0.00033151016555203283
1,aes-gcm-siv,video_medium,15839931,2211085,2245937,6.832001197759094,6.725983573157737,15839947,16,0.00010101054101813953
2,aes-gcm-siv,video_medium,15839931,2176129,2171226,6.941746269797043,6.957421921231217,15839947,16,0.00010101054101813953
3,aes-gcm-siv,video_medium,15839931,2171659,2170476,6.9560347035824535,6.9598260327905805,15839947,16,0.00010101054101813953
4,aes-gcm-siv,video_medium,15839931,2168831,2169934,6.9651048737071575,6.9615644385253965,15839947,16,0.00010101054101813953
5,aes-gcm-siv,video_medium,15839931,2169348,2168948,6.963444946752282,6.964729153648298,15839947,16,0.00010101054101813953
6,aes-gcm-siv,video_medium,15839931,2189569,2170808,6.899136482269875,6.958761607819378,15839947,16,0.00010101054101813953
7,aes-gcm-siv,video_medium,15839931,2170161,2171549,6.960836255165939,6.956387062114263,15839947,16,0.00010101054101813953
8,aes-gcm-siv,video_medium,15839931,2170855,2171909,6.958610947459489,6.955234021474735,15839947,16,0.00010101054101813953
9,aes-gcm-siv,video_medium,15839931,2170964,2197147,6.958261568753405,6.875341234950218,15839947,16,0.00010101054101813953
10,aes-gcm-siv,video_medium,15839931,2210285,2188714,6.834474001473642,6.901831563350519,15839947,16,0.00010101054101813953
11,aes-gcm-siv,video_medium,15839931,2198035,2186212,6.8725636162969055,6.90973033189241,15839947,16,0.00010101054101813953
12,aes-gcm-siv,video_medium,15839931,2171486,2171768,6.956588883532829,6.955685583518666,15839947,16,0.00010101054101813953
13,aes-gcm-siv,video_medium,15839931,2175397,2173104,6.944082100116517,6.951409305926991,15839947,16,0.00010101054101813953
14,aes-gcm-siv,video_medium,15839931,2173320,2173377,6.950718425426154,6.950536132639284,15839947,16,0.00010101054101813953
15,aes-gcm-siv,video_medium,15839931,2172051,2173814,6.954779316115122,6.9491388722067144,15839947,16,0.00010101054101813953
16,aes-gcm-siv,video_medium,15839931,2173199,2172121,6.951105429529081,6.95455518746293,15839947,16,0.00010101054101813953
17,aes-gcm-siv,video_medium,15839931,2173696,2173369,6.949516109128032,6.950561717014997,15839947,16,0.00010101054101813953
18,aes-gcm-siv,video_medium,15839931,2173276,2172713,6.95085914920478,6.952660276965788,15839947,16,0.00010101054101813953
19,aes-gcm-siv,video_medium,15839931,2172054,2171870,6.954769710305161,6.955358915748717,15839947,16,0.00010101054101813953
20,aes-gcm-siv,video_medium,15839931,2172436,2172703,6.95354678726884,6.95269227701493,15839947,16,0.00010101054101813953
21,aes-gcm-siv,video_medium,15839931,2194177,2191806,6.884647577814903,6.8920950888660615,15839947,16,0.00010101054101813953
22,aes-gcm-siv,video_medium,15839931,2175186,2172736,6.9447556982930045,6.952586677970618,15839947,16,0.00010101054101813953
23,aes-gcm-siv,video_medium,15839931,2173817,2174166,6.949129281971374,6.948013798554097,15839947,16,0.00010101054101813953
24,aes-gcm-siv,video_medium,15839931,2174709,2173621,6.9462789588617,6.949755899647257,15839947,16,0.00010101054101813953
25,aes-gcm-siv,video_medium,15839931,2173357,2172871,6.9506000939317225,6.952154715280919,15839947,16,0.00010101054101813953
26,aes-gcm-siv,video_medium,15839931,2173599,2176357,6.9498262413385214,6.9410190370179015,15839947,16,0.00010101054101813953
27,aes-gcm-siv,video_medium,15839931,2175016,2175099,6.945298502791322,6.945033475877268,15839947,16,0.00010101054101813953
28,aes-gcm-siv,video_medium,15839931,2175999,2177012,6.942160988284998,6.93893068496966,15839947,16,0.00010101054101813953
29,aes-gcm-siv,video_medium,15839931,2173362,2173588,6.950584103498252,6.949861412718127,15839947,16,0.00010101054101813953
30,aes-gcm-siv,video_medium,15839931,2173956,2175124,6.94868496342482,6.944953652457133,15839947,16,0.00010101054101813953
1,aes-gcm,video_medium,15839931,2474793,2471201,6.103999554042366,6.112871987485909,15839947,16,0.00010101054101813953
2,aes-gcm,video_medium,15839931,2472742,2469760,6.10906247734182,6.116438588505429,15839947,16,0.00010101054101813953
3,aes-gcm,video_medium,15839931,2471878,2471125,6.111197789028087,6.1130599902259775,15839947,16,0.00010101054101813953
4,aes-gcm,video_medium,15839931,2472535,2471260,6.109573926495345,6.112726045963261,15839947,16,0.00010101054101813953
5,aes-gcm,video_medium,15839931,2489212,2468361,6.068641549352633,6.119905219839063,15839947,16,0.00010101054101813953
6,aes-gcm,video_medium,15839931,2469486,2466863,6.117117233443384,6.123621525940909,15839947,16,0.00010101054101813953
7,aes-gcm,video_medium,15839931,2470311,2469757,6.115074323980733,6.116446018109137,15839947,16,0.00010101054101813953
8,aes-gcm,video_medium,15839931,2472447,2467824,6.109791380097195,6.121236914928767,15839947,16,0.00010101054101813953
9,aes-gcm,video_medium,15839931,2474178,2468960,6.1055168093593775,6.11842045571705,15839947,16,0.00010101054101813953
10,aes-gcm,video_medium,15839931,2471289,2467859,6.112654314548872,6.121150101503842,15839947,16,0.00010101054101813953
11,aes-gcm,video_medium,15839931,2472998,2467385,6.108430078935433,6.122326012497915,15839947,16,0.00010101054101813953
12,aes-gcm,video_medium,15839931,2470085,2513110,6.115633821648715,6.01093281565358,15839947,16,0.00010101054101813953
13,aes-gcm,video_medium,15839931,2470259,2467502,6.115203048889678,6.122035713992195,15839947,16,0.00010101054101813953
14,aes-gcm,video_medium,15839931,2515789,2470493,6.004531925510116,6.114623829473376,15839947,16,0.00010101054101813953
15,aes-gcm,video_medium,15839931,2472765,2469720,6.109005654943825,6.116537651372288,15839947,16,0.00010101054101813953
16,aes-gcm,video_medium,15839931,2472883,2469772,6.108714147958948,6.11640887027109,15839947,16,0.00010101054101813953
17,aes-gcm,video_medium,15839931,2473333,2470582,6.107602724076042,6.114403556873307,15839947,16,0.00010101054101813953
18,aes-gcm,video_medium,15839931,2471069,2468879,6.113198525960695,6.1186211913776125,15839947,16,0.00010101054101813953
19,aes-gcm,video_medium,15839931,2470804,2468423,6.113854182018149,6.119751504643721,15839947,16,0.00010101054101813953
20,aes-gcm,video_medium,15839931,2471621,2468398,6.111833233471947,6.119813485648249,15839947,16,0.00010101054101813953
21,aes-gcm,video_medium,15839931,2470207,2467228,6.115331779218167,6.122715601617349,15839947,16,0.00010101054101813953
22,aes-gcm,video_medium,15839931,2470528,2466062,6.114537203523769,6.125610535480117,15839947,16,0.00010101054101813953
23,aes-gcm,video_medium,15839931,2469019,2472471,6.118274249143959,6.109732073034292,15839947,16,0.00010101054101813953
24,aes-gcm,video_medium,15839931,2469495,2466399,6.117094939794236,6.124773553811515,15839947,16,0.00010101054101813953
25,aes-gcm,video_medium,15839931,2469794,2467960,6.116354387591503,6.1208995965684885,15839947,16,0.00010101054101813953
26,aes-gcm,video_medium,15839931,2471669,2468834,6.111714541205626,6.1187327168805865,15839947,16,0.00010101054101813953
27,aes-gcm,video_medium,15839931,2469601,2494107,6.116832382375602,6.05673107382609,15839947,16,0.00010101054101813953
28,aes-gcm,video_medium,15839931,2473317,2468557,6.107642234435443,6.119419307857655,15839947,16,0.00010101054101813953
29,aes-gcm,video_medium,15839931,2472961,2470189,6.1085214721733045,6.11537634097924,15839947,16,0.00010101054101813953
30,aes-gcm,video_medium,15839931,2471747,2479848,6.111521676104863,6.091556969760714,15839947,16,0.00010101054101813953
1,aes-gcm-siv,video_large,33690617,4642231,4648457,6.921214419700309,6.911944358478477,33690633,16,0.000047490967588987754
2,aes-gcm-siv,video_large,33690617,4639520,4636666,6.925258676927739,6.929521370911726,33690633,16,0.000047490967588987754
3,aes-gcm-siv,video_large,33690617,4641783,4635851,6.92188241819572,6.930739606769024,33690633,16,0.000047490967588987754
4,aes-gcm-siv,video_large,33690617,4642843,4632697,6.920302094380487,6.935458143880289,33690633,16,0.000047490967588987754
5,aes-gcm-siv,video_large,33690617,4642166,4636174,6.92131133112857,6.930256745493113,33690633,16,0.000047490967588987754
6,aes-gcm-siv,video_large,33690617,4640408,4630379,6.923933442227447,6.93893008256555,33690633,16,0.000047490967588987754
7,aes-gcm-siv,video_large,33690617,4640538,4635521,6.923739475203044,6.931233002024969,33690633,16,0.000047490967588987754
8,aes-gcm-siv,video_large,33690617,4644502,4637522,6.91783018648281,6.928242310608939,33690633,16,0.000047490967588987754
9,aes-gcm-siv,video_large,33690617,4642633,4634277,6.920615120079443,6.933093584345473,33690633,16,0.000047490967588987754
10,aes-gcm-siv,video_large,33690617,4640178,4637493,6.924276641279664,6.9282856355319105,33690633,16,0.000047490967588987754
11,aes-gcm-siv,video_large,33690617,4641909,4634723,6.9216945305864,6.932426411843768,33690633,16,0.000047490967588987754
12,aes-gcm-siv,video_large,33690617,4707553,4648299,6.8251756563929895,6.912179301886515,33690633,16,0.000047490967588987754
13,aes-gcm-siv,video_large,33690617,4655478,4652921,6.901520345876361,6.905313057492226,33690633,16,0.000047490967588987754
14,aes-gcm-siv,video_large,33690617,4646240,4639901,6.915242462029466,6.924690017476619,33690633,16,0.000047490967588987754
15,aes-gcm-siv,video_large,33690617,4639942,4636476,6.924628828718072,6.929805338532925,33690633,16,0.000047490967588987754
16,aes-gcm-siv,video_large,33690617,4638945,4635604,6.92611706687184,6.931108899030156,33690633,16,0.000047490967588987754
17,aes-gcm-siv,video_large,33690617,4643413,4637076,6.919452595920239,6.928908677964256,33690633,16,0.000047490967588987754
18,aes-gcm-siv,video_large,33690617,4642562,4634354,6.920720958983377,6.932978390683963,33690633,16,0.000047490967588987754
19,aes-gcm-siv,video_large,33690617,4641173,4635225,6.9227921770595024,6.931675622387216,33690633,16,0.000047490967588987754
20,aes-gcm-siv,video_large,33690617,4643976,4636518,6.918613734605817,6.92974256473927,33690633,16,0.000047490967588987754
21,aes-gcm-siv,video_large,33690617,4642242,4636730,6.9211980195732545,6.929425723900202,33690633,16,0.000047490967588987754
22,aes-gcm-siv,video_large,33690617,4639280,4634878,6.925616935554609,6.932194577026578,33690633,16,0.000047490967588987754
23,aes-gcm-siv,video_large,33690617,4642538,4637078,6.9207567362463775,6.928905689483719,33690633,16,0.000047490967588987754
24,aes-gcm-siv,video_large,33690617,4643147,4634370,6.919849002579454,6.932954454819056,33690633,16,0.000047490967588987754
25,aes-gcm-siv,video_large,33690617,4642741,4633734,6.920454131897468,6.933906032754532,33690633,16,0.000047490967588987754
26,aes-gcm-siv,video_large,33690617,4640507,4635129,6.923785727891324,6.931819187077595,33690633,16,0.000047490967588987754
27,aes-gcm-siv,video_large,33690617,4677955,4709597,6.868359387121036,6.822213479577932,33690633,16,0.000047490967588987754
28,aes-gcm-siv,video_large,33690617,4716705,4639704,6.811932511526539,6.924984037080767,33690633,16,0.000047490967588987754
29,aes-gcm-siv,video_large,33690617,4637960,4630808,6.927588020763394,6.938287257165442,33690633,16,0.000047490967588987754
30,aes-gcm-siv,video_large,33690617,4632196,4623648,6.936208255604854,6.949031616762302,33690633,16,0.000047490967588987754
1,aes-gcm,video_large,33690617,5285708,5273076,6.0786324437104335,6.093194207096539,33690633,16,0.000047490967588987754
2,aes-gcm,video_large,33690617,5283332,5274743,6.081366103205285,6.091268548397483,33690633,16,0.000047490967588987754
3,aes-gcm,video_large,33690617,5285665,5291563,6.078681894667897,6.0719065683957245,33690633,16,0.000047490967588987754
4,aes-gcm,video_large,33690617,5284013,5277163,6.080582340879893,6.088475216092394,33690633,16,0.000047490967588987754
5,aes-gcm,video_large,33690617,5281536,5274488,6.083434087504049,6.091563036408422,33690633,16,0.000047490967588987754
6,aes-gcm,video_large,33690617,5282267,5276520,6.082592215951936,6.089217161458649,33690633,16,0.000047490967588987754
7,aes-gcm,video_large,33690617,5284811,5273431,6.0796641803802975,6.092784021783879,33690633,16,0.000047490967588987754
8,aes-gcm,video_large,33690617,5285461,5274061,6.078916510173812,6.092056223236665,33690633,16,0.000047490967588987754
9,aes-gcm,video_large,33690617,5292867,5275376,6.0704106369534285,6.09053764826996,33690633,16,0.000047490967588987754
10,aes-gcm,video_large,33690617,5285784,5271724,6.078545043985867,6.094756883474891,33690633,16,0.000047490967588987754
11,aes-gcm,video_large,33690617,5280298,5274440,6.084860387951548,6.091618472630229,33690633,16,0.000047490967588987754
12,aes-gcm,video_large,33690617,5283212,5278602,6.081504232042891,6.08681543650758,33690633,16,0.000047490967588987754
13,aes-gcm,video_large,33690617,5282313,5274640,6.082539246875333,6.091387495029005,33690633,16,0.000047490967588987754
14,aes-gcm,video_large,33690617,5284789,5281471,6.079689489358948,6.083508957405955,33690633,16,0.000047490967588987754
15,aes-gcm,video_large,33690617,5280483,5283510,6.084647206852059,6.081161223652418,33690633,16,0.000047490967588987754
16,aes-gcm,video_large,33690617,5281893,5273111,6.083022911819642,6.093153763836905,33690633,16,0.000047490967588987754
17,aes-gcm,video_large,33690617,5279892,5271074,6.08532828640809,6.09550845554052,33690633,16,0.000047490967588987754
18,aes-gcm,video_large,33690617,5285600,5291268,6.078756647642612,6.072245090738135,33690633,16,0.000047490967588987754
19,aes-gcm,video_large,33690617,5286902,5277961,6.077259638400671,6.087554670597184,33690633,16,0.000047490967588987754
20,aes-gcm,video_large,33690617,5282260,5271554,6.082600276544468,6.094953430578494,33690633,16,0.000047490967588987754
21,aes-gcm,video_large,33690617,5280292,5274188,6.084867302183247,6.091909529349311,33690633,16,0.000047490967588987754
22,aes-gcm,video_large,33690617,5283649,5274390,6.081001243038625,6.091676219767553,33690633,16,0.000047490967588987754
23,aes-gcm,video_large,33690617,5284456,5274766,6.080072600998057,6.0912419881336515,33690633,16,0.000047490967588987754
24,aes-gcm,video_large,33690617,5287693,5283964,6.076350525036114,6.0806387281934136,33690633,16,0.000047490967588987754
25,aes-gcm,video_large,33690617,5282291,5276956,6.08256457979687,6.088714049686938,33690633,16,0.000047490967588987754
26,aes-gcm,video_large,33690617,5281542,5275276,6.083427176529087,6.090653102658474,33690633,16,0.000047490967588987754
27,aes-gcm,video_large,33690617,5282849,5275311,6.0819221099788745,6.090612693124592,33690633,16,0.000047490967588987754
28,aes-gcm,video_large,33690617,5281138,5276130,6.083892550579019,6.089667263084833,33690633,16,0.000047490967588987754
29,aes-gcm,video_large,33690617,5282836,5279499,6.081937076369546,6.0857812714387824,33690633,16,0.000047490967588987754
30,aes-gcm,video_large,33690617,5286086,5274644,6.078197769915167,6.0913828756556425,33690633,16,0.000047490967588987754